Metric,Observed,CI_2.5%,CI_97.5%,CI_Width
Overall_Any_Failure_Rate,0.39375,0.36,0.42875,0.06875000000000003
Persistent_Failure_Rate,0.125,0.1025,0.14875,0.04625
Mean_Configuration_Failure_Rate,0.2284375,0.2053125,0.253125,0.04781249999999998
Healthy_Any_Failure_Rate,0.33125,0.28991514893895304,0.37344398340248963,0.0835288344635366
Healthy_Persistent_Failure_Rate,0.0,0.0,0.0,0.0
Damaged_Any_Failure_Rate,0.4875,0.4325153374233129,0.542486237397167,0.10997089997385406
Damaged_Persistent_Failure_Rate,0.3125,0.2610028712059065,0.36363636363636365,0.10263349243045716
KI05_Any_Failure_Rate,1.0,1.0,1.0,0.0
KI05_Persistent_Failure_Rate,1.0,1.0,1.0,0.0
KA03_Any_Failure_Rate,0.7,0.5979353428955625,0.8,0.20206465710443755
KA03_Persistent_Failure_Rate,0.25,0.15942028985507245,0.3488372093023256,0.18941691944725314
K002_Any_Failure_Rate,1.0,1.0,1.0,0.0
K002_Persistent_Failure_Rate,0.0,0.0,0.0,0.0
STFT_Envelope_Nearest_Centroid_Failure_Rate,0.16625,0.14125,0.1925,0.05125000000000002
STFT_Envelope_RBF_SVM_Failure_Rate,0.27,0.24,0.30125,0.06125000000000003
STFT_Nearest_Centroid_Failure_Rate,0.15375,0.13,0.17875,0.04874999999999999
STFT_RBF_SVM_Failure_Rate,0.32375,0.29125,0.3575,0.06624999999999998
