Bearing,Condition,True_Label,Absolute_STFT_Centroid,Condition_Relative_Centroid,Absolute_Plus_Relative_Centroid
K001,N09_M07_F10,0,0,1,0
K001,N09_M07_F10,0,0,1,0
K001,N09_M07_F10,0,0,1,0
K001,N09_M07_F10,0,0,1,0
K001,N09_M07_F10,0,0,1,0
K001,N09_M07_F10,0,0,1,0
K001,N09_M07_F10,0,0,1,0
K001,N09_M07_F10,0,0,1,0
K001,N09_M07_F10,0,0,1,0
K001,N09_M07_F10,0,0,1,0
K001,N09_M07_F10,0,0,0,0
K001,N09_M07_F10,0,0,1,0
K001,N09_M07_F10,0,0,1,0
K001,N09_M07_F10,0,0,1,0
K001,N09_M07_F10,0,0,1,0
K001,N09_M07_F10,0,0,1,0
K001,N09_M07_F10,0,0,1,0
K001,N09_M07_F10,0,0,1,0
K001,N09_M07_F10,0,0,1,0
K001,N09_M07_F10,0,0,1,0
K001,N15_M01_F10,0,0,0,0
K001,N15_M01_F10,0,0,0,0
K001,N15_M01_F10,0,0,0,0
K001,N15_M01_F10,0,0,0,0
K001,N15_M01_F10,0,0,0,0
K001,N15_M01_F10,0,0,0,0
K001,N15_M01_F10,0,0,0,0
K001,N15_M01_F10,0,0,0,0
K001,N15_M01_F10,0,0,0,0
K001,N15_M01_F10,0,0,0,0
K001,N15_M01_F10,0,0,0,0
K001,N15_M01_F10,0,0,0,0
K001,N15_M01_F10,0,0,0,0
K001,N15_M01_F10,0,0,0,0
K001,N15_M01_F10,0,0,0,0
K001,N15_M01_F10,0,0,0,0
K001,N15_M01_F10,0,0,0,0
K001,N15_M01_F10,0,0,0,0
K001,N15_M01_F10,0,0,0,0
K001,N15_M01_F10,0,0,0,0
K001,N15_M07_F04,0,0,0,0
K001,N15_M07_F04,0,0,0,0
K001,N15_M07_F04,0,0,0,0
K001,N15_M07_F04,0,0,0,0
K001,N15_M07_F04,0,0,0,0
K001,N15_M07_F04,0,0,0,0
K001,N15_M07_F04,0,0,0,0
K001,N15_M07_F04,0,0,0,0
K001,N15_M07_F04,0,0,0,0
K001,N15_M07_F04,0,0,0,0
K001,N15_M07_F04,0,0,0,0
K001,N15_M07_F04,0,0,0,0
K001,N15_M07_F04,0,0,0,0
K001,N15_M07_F04,0,0,0,0
K001,N15_M07_F04,0,0,0,0
K001,N15_M07_F04,0,0,0,0
K001,N15_M07_F04,0,0,0,0
K001,N15_M07_F04,0,0,0,0
K001,N15_M07_F04,0,0,0,0
K001,N15_M07_F04,0,0,0,0
K001,N15_M07_F10,0,0,0,0
K001,N15_M07_F10,0,0,0,0
K001,N15_M07_F10,0,0,0,0
K001,N15_M07_F10,0,0,0,0
K001,N15_M07_F10,0,0,0,0
K001,N15_M07_F10,0,0,0,0
K001,N15_M07_F10,0,0,0,0
K001,N15_M07_F10,0,0,0,0
K001,N15_M07_F10,0,0,0,0
K001,N15_M07_F10,0,0,0,0
K001,N15_M07_F10,0,0,0,0
K001,N15_M07_F10,0,0,0,0
K001,N15_M07_F10,0,0,0,0
K001,N15_M07_F10,0,0,0,0
K001,N15_M07_F10,0,0,0,0
K001,N15_M07_F10,0,0,0,0
K001,N15_M07_F10,0,0,0,0
K001,N15_M07_F10,0,0,0,0
K001,N15_M07_F10,0,0,0,0
K001,N15_M07_F10,0,0,0,0
K002,N09_M07_F10,0,0,0,0
K002,N09_M07_F10,0,0,0,0
K002,N09_M07_F10,0,0,0,0
K002,N09_M07_F10,0,0,0,0
K002,N09_M07_F10,0,0,0,0
K002,N09_M07_F10,0,0,0,0
K002,N09_M07_F10,0,0,0,0
K002,N09_M07_F10,0,0,0,0
K002,N09_M07_F10,0,0,0,0
K002,N09_M07_F10,0,0,0,0
K002,N09_M07_F10,0,0,0,0
K002,N09_M07_F10,0,0,0,0
K002,N09_M07_F10,0,0,0,0
K002,N09_M07_F10,0,0,0,0
K002,N09_M07_F10,0,0,0,0
K002,N09_M07_F10,0,0,0,0
K002,N09_M07_F10,0,0,0,0
K002,N09_M07_F10,0,0,0,0
K002,N09_M07_F10,0,0,0,0
K002,N09_M07_F10,0,0,0,0
K002,N15_M01_F10,0,0,0,0
K002,N15_M01_F10,0,0,0,0
K002,N15_M01_F10,0,0,0,0
K002,N15_M01_F10,0,0,0,0
K002,N15_M01_F10,0,0,0,0
K002,N15_M01_F10,0,0,0,0
K002,N15_M01_F10,0,0,0,0
K002,N15_M01_F10,0,0,0,0
K002,N15_M01_F10,0,0,0,0
K002,N15_M01_F10,0,0,0,0
K002,N15_M01_F10,0,0,0,0
K002,N15_M01_F10,0,0,0,0
K002,N15_M01_F10,0,0,0,0
K002,N15_M01_F10,0,0,0,0
K002,N15_M01_F10,0,0,0,0
K002,N15_M01_F10,0,0,0,0
K002,N15_M01_F10,0,0,0,0
K002,N15_M01_F10,0,0,0,0
K002,N15_M01_F10,0,0,0,0
K002,N15_M01_F10,0,0,0,0
K002,N15_M07_F04,0,0,0,0
K002,N15_M07_F04,0,0,0,0
K002,N15_M07_F04,0,0,0,0
K002,N15_M07_F04,0,0,0,0
K002,N15_M07_F04,0,0,0,0
K002,N15_M07_F04,0,0,0,0
K002,N15_M07_F04,0,0,0,0
K002,N15_M07_F04,0,0,0,0
K002,N15_M07_F04,0,0,0,0
K002,N15_M07_F04,0,0,0,0
K002,N15_M07_F04,0,0,0,0
K002,N15_M07_F04,0,0,0,0
K002,N15_M07_F04,0,0,0,0
K002,N15_M07_F04,0,0,0,0
K002,N15_M07_F04,0,0,0,0
K002,N15_M07_F04,0,0,0,0
K002,N15_M07_F04,0,0,0,0
K002,N15_M07_F04,0,0,0,0
K002,N15_M07_F04,0,0,0,0
K002,N15_M07_F04,0,0,0,0
K002,N15_M07_F10,0,0,0,0
K002,N15_M07_F10,0,0,0,0
K002,N15_M07_F10,0,0,0,0
K002,N15_M07_F10,0,0,0,0
K002,N15_M07_F10,0,0,0,0
K002,N15_M07_F10,0,0,0,0
K002,N15_M07_F10,0,0,0,0
K002,N15_M07_F10,0,0,0,0
K002,N15_M07_F10,0,0,0,0
K002,N15_M07_F10,0,0,0,0
K002,N15_M07_F10,0,0,0,0
K002,N15_M07_F10,0,0,0,0
K002,N15_M07_F10,0,0,0,0
K002,N15_M07_F10,0,0,0,0
K002,N15_M07_F10,0,0,0,0
K002,N15_M07_F10,0,0,0,0
K002,N15_M07_F10,0,0,0,0
K002,N15_M07_F10,0,0,0,0
K002,N15_M07_F10,0,0,0,0
K002,N15_M07_F10,0,0,0,0
K003,N09_M07_F10,0,0,0,0
K003,N09_M07_F10,0,0,0,0
K003,N09_M07_F10,0,0,0,0
K003,N09_M07_F10,0,0,0,0
K003,N09_M07_F10,0,0,0,0
K003,N09_M07_F10,0,0,0,0
K003,N09_M07_F10,0,0,0,0
K003,N09_M07_F10,0,0,0,0
K003,N09_M07_F10,0,0,0,0
K003,N09_M07_F10,0,0,0,0
K003,N09_M07_F10,0,0,0,0
K003,N09_M07_F10,0,0,0,0
K003,N09_M07_F10,0,0,0,0
K003,N09_M07_F10,0,0,0,0
K003,N09_M07_F10,0,0,0,0
K003,N09_M07_F10,0,0,0,0
K003,N09_M07_F10,0,0,0,0
K003,N09_M07_F10,0,0,0,0
K003,N09_M07_F10,0,0,0,0
K003,N09_M07_F10,0,0,0,0
K003,N15_M01_F10,0,0,0,0
K003,N15_M01_F10,0,0,0,0
K003,N15_M01_F10,0,0,0,0
K003,N15_M01_F10,0,0,0,0
K003,N15_M01_F10,0,0,0,0
K003,N15_M01_F10,0,0,0,0
K003,N15_M01_F10,0,0,0,0
K003,N15_M01_F10,0,0,0,0
K003,N15_M01_F10,0,0,0,0
K003,N15_M01_F10,0,0,0,0
K003,N15_M01_F10,0,0,0,0
K003,N15_M01_F10,0,0,0,0
K003,N15_M01_F10,0,0,0,0
K003,N15_M01_F10,0,0,0,0
K003,N15_M01_F10,0,0,0,0
K003,N15_M01_F10,0,0,0,0
K003,N15_M01_F10,0,0,0,0
K003,N15_M01_F10,0,0,0,0
K003,N15_M01_F10,0,0,0,0
K003,N15_M01_F10,0,0,0,0
K003,N15_M07_F04,0,0,0,0
K003,N15_M07_F04,0,0,0,0
K003,N15_M07_F04,0,0,0,0
K003,N15_M07_F04,0,0,0,0
K003,N15_M07_F04,0,0,0,0
K003,N15_M07_F04,0,0,0,0
K003,N15_M07_F04,0,0,0,0
K003,N15_M07_F04,0,0,0,0
K003,N15_M07_F04,0,0,0,0
K003,N15_M07_F04,0,0,0,0
K003,N15_M07_F04,0,0,0,0
K003,N15_M07_F04,0,0,0,0
K003,N15_M07_F04,0,0,0,0
K003,N15_M07_F04,0,0,0,0
K003,N15_M07_F04,0,0,0,0
K003,N15_M07_F04,0,0,0,0
K003,N15_M07_F04,0,0,0,0
K003,N15_M07_F04,0,0,0,0
K003,N15_M07_F04,0,0,0,0
K003,N15_M07_F04,0,0,0,0
K003,N15_M07_F10,0,0,0,0
K003,N15_M07_F10,0,0,0,0
K003,N15_M07_F10,0,0,0,0
K003,N15_M07_F10,0,0,0,0
K003,N15_M07_F10,0,0,0,0
K003,N15_M07_F10,0,0,0,0
K003,N15_M07_F10,0,0,0,0
K003,N15_M07_F10,0,0,0,0
K003,N15_M07_F10,0,0,0,0
K003,N15_M07_F10,0,0,0,0
K003,N15_M07_F10,0,0,0,0
K003,N15_M07_F10,0,0,0,0
K003,N15_M07_F10,0,0,0,0
K003,N15_M07_F10,0,0,0,0
K003,N15_M07_F10,0,0,0,0
K003,N15_M07_F10,0,0,0,0
K003,N15_M07_F10,0,0,0,0
K003,N15_M07_F10,0,0,0,0
K003,N15_M07_F10,0,0,0,0
K003,N15_M07_F10,0,0,0,0
K004,N09_M07_F10,0,0,0,0
K004,N09_M07_F10,0,0,0,0
K004,N09_M07_F10,0,0,0,0
K004,N09_M07_F10,0,0,0,0
K004,N09_M07_F10,0,0,0,0
K004,N09_M07_F10,0,0,0,0
K004,N09_M07_F10,0,0,0,0
K004,N09_M07_F10,0,0,0,0
K004,N09_M07_F10,0,0,0,0
K004,N09_M07_F10,0,0,0,0
K004,N09_M07_F10,0,0,0,0
K004,N09_M07_F10,0,0,0,0
K004,N09_M07_F10,0,0,0,0
K004,N09_M07_F10,0,0,0,0
K004,N09_M07_F10,0,0,0,0
K004,N09_M07_F10,0,0,0,0
K004,N09_M07_F10,0,0,0,0
K004,N09_M07_F10,0,0,0,0
K004,N09_M07_F10,0,0,0,0
K004,N09_M07_F10,0,0,0,0
K004,N15_M01_F10,0,0,0,0
K004,N15_M01_F10,0,0,0,0
K004,N15_M01_F10,0,0,0,0
K004,N15_M01_F10,0,0,0,0
K004,N15_M01_F10,0,0,0,0
K004,N15_M01_F10,0,0,0,0
K004,N15_M01_F10,0,0,0,0
K004,N15_M01_F10,0,0,0,0
K004,N15_M01_F10,0,0,0,0
K004,N15_M01_F10,0,0,0,0
K004,N15_M01_F10,0,0,0,0
K004,N15_M01_F10,0,0,0,0
K004,N15_M01_F10,0,0,0,0
K004,N15_M01_F10,0,0,0,0
K004,N15_M01_F10,0,0,0,0
K004,N15_M01_F10,0,0,0,0
K004,N15_M01_F10,0,0,0,0
K004,N15_M01_F10,0,0,0,0
K004,N15_M01_F10,0,0,0,0
K004,N15_M01_F10,0,0,0,0
K004,N15_M07_F04,0,0,0,0
K004,N15_M07_F04,0,0,0,0
K004,N15_M07_F04,0,0,0,0
K004,N15_M07_F04,0,0,0,0
K004,N15_M07_F04,0,0,0,0
K004,N15_M07_F04,0,0,0,0
K004,N15_M07_F04,0,0,0,0
K004,N15_M07_F04,0,0,0,0
K004,N15_M07_F04,0,0,0,0
K004,N15_M07_F04,0,0,0,0
K004,N15_M07_F04,0,0,0,0
K004,N15_M07_F04,0,0,0,0
K004,N15_M07_F04,0,0,0,0
K004,N15_M07_F04,0,0,0,0
K004,N15_M07_F04,0,0,0,0
K004,N15_M07_F04,0,0,0,0
K004,N15_M07_F04,0,0,0,0
K004,N15_M07_F04,0,0,0,0
K004,N15_M07_F04,0,0,0,0
K004,N15_M07_F04,0,0,0,0
K004,N15_M07_F10,0,0,0,0
K004,N15_M07_F10,0,0,0,0
K004,N15_M07_F10,0,0,0,0
K004,N15_M07_F10,0,0,0,0
K004,N15_M07_F10,0,0,0,0
K004,N15_M07_F10,0,0,0,0
K004,N15_M07_F10,0,0,0,0
K004,N15_M07_F10,0,0,0,0
K004,N15_M07_F10,0,0,0,0
K004,N15_M07_F10,0,0,0,0
K004,N15_M07_F10,0,0,0,0
K004,N15_M07_F10,0,0,0,0
K004,N15_M07_F10,0,0,0,0
K004,N15_M07_F10,0,0,0,0
K004,N15_M07_F10,0,0,0,0
K004,N15_M07_F10,0,0,0,0
K004,N15_M07_F10,0,0,0,0
K004,N15_M07_F10,0,0,0,0
K004,N15_M07_F10,0,0,0,0
K004,N15_M07_F10,0,0,0,0
K005,N09_M07_F10,0,0,0,0
K005,N09_M07_F10,0,0,0,0
K005,N09_M07_F10,0,0,0,0
K005,N09_M07_F10,0,0,0,0
K005,N09_M07_F10,0,0,0,0
K005,N09_M07_F10,0,0,0,0
K005,N09_M07_F10,0,0,0,0
K005,N09_M07_F10,0,0,0,0
K005,N09_M07_F10,0,0,0,0
K005,N09_M07_F10,0,0,0,0
K005,N09_M07_F10,0,0,0,0
K005,N09_M07_F10,0,0,0,0
K005,N09_M07_F10,0,0,0,0
K005,N09_M07_F10,0,0,0,0
K005,N09_M07_F10,0,0,0,0
K005,N09_M07_F10,0,0,0,0
K005,N09_M07_F10,0,0,0,0
K005,N09_M07_F10,0,0,0,0
K005,N09_M07_F10,0,0,0,0
K005,N09_M07_F10,0,0,0,0
K005,N15_M01_F10,0,0,0,0
K005,N15_M01_F10,0,0,0,0
K005,N15_M01_F10,0,0,0,0
K005,N15_M01_F10,0,0,0,0
K005,N15_M01_F10,0,0,0,0
K005,N15_M01_F10,0,0,0,0
K005,N15_M01_F10,0,0,0,0
K005,N15_M01_F10,0,0,0,0
K005,N15_M01_F10,0,0,0,0
K005,N15_M01_F10,0,0,0,0
K005,N15_M01_F10,0,0,0,0
K005,N15_M01_F10,0,0,0,0
K005,N15_M01_F10,0,0,0,0
K005,N15_M01_F10,0,0,0,0
K005,N15_M01_F10,0,0,0,0
K005,N15_M01_F10,0,0,0,0
K005,N15_M01_F10,0,0,0,0
K005,N15_M01_F10,0,0,0,0
K005,N15_M01_F10,0,0,0,0
K005,N15_M01_F10,0,0,0,0
K005,N15_M07_F04,0,0,0,0
K005,N15_M07_F04,0,0,0,0
K005,N15_M07_F04,0,0,0,0
K005,N15_M07_F04,0,0,0,0
K005,N15_M07_F04,0,0,0,0
K005,N15_M07_F04,0,0,0,0
K005,N15_M07_F04,0,0,0,0
K005,N15_M07_F04,0,0,0,0
K005,N15_M07_F04,0,0,0,0
K005,N15_M07_F04,0,0,0,0
K005,N15_M07_F04,0,0,0,0
K005,N15_M07_F04,0,0,0,0
K005,N15_M07_F04,0,0,0,0
K005,N15_M07_F04,0,0,0,0
K005,N15_M07_F04,0,0,0,0
K005,N15_M07_F04,0,0,0,0
K005,N15_M07_F04,0,0,0,0
K005,N15_M07_F04,0,0,0,0
K005,N15_M07_F04,0,0,0,0
K005,N15_M07_F04,0,0,0,0
K005,N15_M07_F10,0,0,0,0
K005,N15_M07_F10,0,0,0,0
K005,N15_M07_F10,0,0,0,0
K005,N15_M07_F10,0,0,0,0
K005,N15_M07_F10,0,0,0,0
K005,N15_M07_F10,0,0,0,0
K005,N15_M07_F10,0,0,0,0
K005,N15_M07_F10,0,0,0,0
K005,N15_M07_F10,0,0,0,0
K005,N15_M07_F10,0,0,0,0
K005,N15_M07_F10,0,0,0,0
K005,N15_M07_F10,0,0,0,0
K005,N15_M07_F10,0,0,0,0
K005,N15_M07_F10,0,0,0,0
K005,N15_M07_F10,0,0,0,0
K005,N15_M07_F10,0,0,0,0
K005,N15_M07_F10,0,0,0,0
K005,N15_M07_F10,0,0,0,0
K005,N15_M07_F10,0,0,0,0
K005,N15_M07_F10,0,0,0,0
K006,N09_M07_F10,0,0,1,0
K006,N09_M07_F10,0,0,1,0
K006,N09_M07_F10,0,0,1,0
K006,N09_M07_F10,0,0,1,0
K006,N09_M07_F10,0,0,1,0
K006,N09_M07_F10,0,0,0,0
K006,N09_M07_F10,0,0,0,0
K006,N09_M07_F10,0,0,0,0
K006,N09_M07_F10,0,0,0,0
K006,N09_M07_F10,0,0,1,0
K006,N09_M07_F10,0,0,1,0
K006,N09_M07_F10,0,0,1,0
K006,N09_M07_F10,0,0,0,0
K006,N09_M07_F10,0,0,0,0
K006,N09_M07_F10,0,0,0,0
K006,N09_M07_F10,0,0,0,0
K006,N09_M07_F10,0,0,0,0
K006,N09_M07_F10,0,0,0,0
K006,N09_M07_F10,0,0,1,0
K006,N09_M07_F10,0,0,1,0
K006,N15_M01_F10,0,0,0,0
K006,N15_M01_F10,0,0,0,0
K006,N15_M01_F10,0,0,0,0
K006,N15_M01_F10,0,0,0,0
K006,N15_M01_F10,0,0,0,0
K006,N15_M01_F10,0,0,0,0
K006,N15_M01_F10,0,0,0,0
K006,N15_M01_F10,0,0,0,0
K006,N15_M01_F10,0,0,0,0
K006,N15_M01_F10,0,0,0,0
K006,N15_M01_F10,0,0,0,0
K006,N15_M01_F10,0,0,0,0
K006,N15_M01_F10,0,0,0,0
K006,N15_M01_F10,0,0,0,0
K006,N15_M01_F10,0,0,0,0
K006,N15_M01_F10,0,0,0,0
K006,N15_M01_F10,0,0,0,0
K006,N15_M01_F10,0,0,0,0
K006,N15_M01_F10,0,0,0,0
K006,N15_M01_F10,0,0,0,0
K006,N15_M07_F04,0,0,0,0
K006,N15_M07_F04,0,0,0,0
K006,N15_M07_F04,0,0,0,0
K006,N15_M07_F04,0,0,0,0
K006,N15_M07_F04,0,0,0,0
K006,N15_M07_F04,0,0,0,0
K006,N15_M07_F04,0,0,0,0
K006,N15_M07_F04,0,0,0,0
K006,N15_M07_F04,0,0,0,0
K006,N15_M07_F04,0,0,0,0
K006,N15_M07_F04,0,0,0,0
K006,N15_M07_F04,0,0,0,0
K006,N15_M07_F04,0,0,0,0
K006,N15_M07_F04,0,0,0,0
K006,N15_M07_F04,0,0,0,0
K006,N15_M07_F04,0,0,0,0
K006,N15_M07_F04,0,0,0,0
K006,N15_M07_F04,0,0,0,0
K006,N15_M07_F04,0,0,0,0
K006,N15_M07_F04,0,0,0,0
K006,N15_M07_F10,0,0,0,0
K006,N15_M07_F10,0,0,0,0
K006,N15_M07_F10,0,0,0,0
K006,N15_M07_F10,0,0,0,0
K006,N15_M07_F10,0,0,0,0
K006,N15_M07_F10,0,0,0,0
K006,N15_M07_F10,0,0,0,0
K006,N15_M07_F10,0,0,0,0
K006,N15_M07_F10,0,0,0,0
K006,N15_M07_F10,0,0,0,0
K006,N15_M07_F10,0,0,0,0
K006,N15_M07_F10,0,1,0,0
K006,N15_M07_F10,0,0,0,0
K006,N15_M07_F10,0,0,0,0
K006,N15_M07_F10,0,0,0,0
K006,N15_M07_F10,0,1,0,0
K006,N15_M07_F10,0,0,0,0
K006,N15_M07_F10,0,0,0,0
K006,N15_M07_F10,0,1,0,0
K006,N15_M07_F10,0,0,0,0
KA01,N09_M07_F10,1,0,0,0
KA01,N09_M07_F10,1,0,1,0
KA01,N09_M07_F10,1,0,0,0
KA01,N09_M07_F10,1,0,1,0
KA01,N09_M07_F10,1,0,1,0
KA01,N09_M07_F10,1,0,0,0
KA01,N09_M07_F10,1,0,0,0
KA01,N09_M07_F10,1,0,1,0
KA01,N09_M07_F10,1,0,1,0
KA01,N09_M07_F10,1,0,0,0
KA01,N09_M07_F10,1,0,1,0
KA01,N09_M07_F10,1,0,0,0
KA01,N09_M07_F10,1,0,1,0
KA01,N09_M07_F10,1,0,1,0
KA01,N09_M07_F10,1,0,0,0
KA01,N09_M07_F10,1,0,1,0
KA01,N09_M07_F10,1,0,0,0
KA01,N09_M07_F10,1,0,1,0
KA01,N09_M07_F10,1,0,1,0
KA01,N09_M07_F10,1,0,0,0
KA01,N15_M01_F10,1,1,1,1
KA01,N15_M01_F10,1,1,1,1
KA01,N15_M01_F10,1,1,1,1
KA01,N15_M01_F10,1,1,1,1
KA01,N15_M01_F10,1,1,1,1
KA01,N15_M01_F10,1,1,1,1
KA01,N15_M01_F10,1,1,1,1
KA01,N15_M01_F10,1,1,1,1
KA01,N15_M01_F10,1,1,1,1
KA01,N15_M01_F10,1,1,1,1
KA01,N15_M01_F10,1,1,1,1
KA01,N15_M01_F10,1,1,1,1
KA01,N15_M01_F10,1,1,1,1
KA01,N15_M01_F10,1,1,1,1
KA01,N15_M01_F10,1,1,1,1
KA01,N15_M01_F10,1,1,1,1
KA01,N15_M01_F10,1,1,1,1
KA01,N15_M01_F10,1,1,1,1
KA01,N15_M01_F10,1,1,1,1
KA01,N15_M01_F10,1,1,1,1
KA01,N15_M07_F04,1,1,1,1
KA01,N15_M07_F04,1,1,1,1
KA01,N15_M07_F04,1,1,1,1
KA01,N15_M07_F04,1,1,1,1
KA01,N15_M07_F04,1,1,1,1
KA01,N15_M07_F04,1,1,1,1
KA01,N15_M07_F04,1,1,1,1
KA01,N15_M07_F04,1,1,1,1
KA01,N15_M07_F04,1,1,1,1
KA01,N15_M07_F04,1,1,1,1
KA01,N15_M07_F04,1,1,1,1
KA01,N15_M07_F04,1,1,1,1
KA01,N15_M07_F04,1,1,1,1
KA01,N15_M07_F04,1,1,1,1
KA01,N15_M07_F04,1,1,1,1
KA01,N15_M07_F04,1,1,1,1
KA01,N15_M07_F04,1,1,1,1
KA01,N15_M07_F04,1,1,1,1
KA01,N15_M07_F04,1,1,1,1
KA01,N15_M07_F04,1,1,1,1
KA01,N15_M07_F10,1,1,1,1
KA01,N15_M07_F10,1,1,1,1
KA01,N15_M07_F10,1,1,1,1
KA01,N15_M07_F10,1,1,1,1
KA01,N15_M07_F10,1,1,1,1
KA01,N15_M07_F10,1,1,1,1
KA01,N15_M07_F10,1,1,1,1
KA01,N15_M07_F10,1,1,1,1
KA01,N15_M07_F10,1,1,1,1
KA01,N15_M07_F10,1,1,1,1
KA01,N15_M07_F10,1,1,1,1
KA01,N15_M07_F10,1,1,1,1
KA01,N15_M07_F10,1,1,1,1
KA01,N15_M07_F10,1,1,1,1
KA01,N15_M07_F10,1,1,1,1
KA01,N15_M07_F10,1,1,1,1
KA01,N15_M07_F10,1,1,1,1
KA01,N15_M07_F10,1,1,1,1
KA01,N15_M07_F10,1,1,1,1
KA01,N15_M07_F10,1,1,1,1
KA03,N09_M07_F10,1,0,0,0
KA03,N09_M07_F10,1,0,0,0
KA03,N09_M07_F10,1,0,0,0
KA03,N09_M07_F10,1,0,0,0
KA03,N09_M07_F10,1,0,0,0
KA03,N09_M07_F10,1,0,0,0
KA03,N09_M07_F10,1,0,0,0
KA03,N09_M07_F10,1,0,0,0
KA03,N09_M07_F10,1,0,0,0
KA03,N09_M07_F10,1,0,0,0
KA03,N09_M07_F10,1,0,0,0
KA03,N09_M07_F10,1,0,0,0
KA03,N09_M07_F10,1,0,0,0
KA03,N09_M07_F10,1,0,0,0
KA03,N09_M07_F10,1,0,0,0
KA03,N09_M07_F10,1,0,0,0
KA03,N09_M07_F10,1,0,0,0
KA03,N09_M07_F10,1,0,0,0
KA03,N09_M07_F10,1,0,0,0
KA03,N09_M07_F10,1,0,0,0
KA03,N15_M01_F10,1,1,1,1
KA03,N15_M01_F10,1,1,1,1
KA03,N15_M01_F10,1,1,1,1
KA03,N15_M01_F10,1,1,1,1
KA03,N15_M01_F10,1,1,0,1
KA03,N15_M01_F10,1,1,1,1
KA03,N15_M01_F10,1,1,1,1
KA03,N15_M01_F10,1,1,0,1
KA03,N15_M01_F10,1,1,1,1
KA03,N15_M01_F10,1,1,0,1
KA03,N15_M01_F10,1,1,1,1
KA03,N15_M01_F10,1,1,1,1
KA03,N15_M01_F10,1,1,1,1
KA03,N15_M01_F10,1,1,1,1
KA03,N15_M01_F10,1,1,1,1
KA03,N15_M01_F10,1,1,1,1
KA03,N15_M01_F10,1,1,0,1
KA03,N15_M01_F10,1,1,0,1
KA03,N15_M01_F10,1,1,0,1
KA03,N15_M01_F10,1,1,1,1
KA03,N15_M07_F04,1,1,1,1
KA03,N15_M07_F04,1,1,1,1
KA03,N15_M07_F04,1,1,1,1
KA03,N15_M07_F04,1,1,1,1
KA03,N15_M07_F04,1,1,1,1
KA03,N15_M07_F04,1,1,1,1
KA03,N15_M07_F04,1,1,1,1
KA03,N15_M07_F04,1,1,1,1
KA03,N15_M07_F04,1,1,1,1
KA03,N15_M07_F04,1,1,1,1
KA03,N15_M07_F04,1,1,1,1
KA03,N15_M07_F04,1,1,1,1
KA03,N15_M07_F04,1,1,1,1
KA03,N15_M07_F04,1,1,1,1
KA03,N15_M07_F04,1,1,1,1
KA03,N15_M07_F04,1,1,1,1
KA03,N15_M07_F04,1,1,1,1
KA03,N15_M07_F04,1,1,1,1
KA03,N15_M07_F04,1,1,1,1
KA03,N15_M07_F04,1,1,1,1
KA03,N15_M07_F10,1,1,1,1
KA03,N15_M07_F10,1,1,1,1
KA03,N15_M07_F10,1,1,1,1
KA03,N15_M07_F10,1,1,1,1
KA03,N15_M07_F10,1,1,1,1
KA03,N15_M07_F10,1,1,1,1
KA03,N15_M07_F10,1,1,1,1
KA03,N15_M07_F10,1,1,1,1
KA03,N15_M07_F10,1,1,1,1
KA03,N15_M07_F10,1,1,1,1
KA03,N15_M07_F10,1,1,1,1
KA03,N15_M07_F10,1,1,1,1
KA03,N15_M07_F10,1,1,1,1
KA03,N15_M07_F10,1,1,1,1
KA03,N15_M07_F10,1,1,1,1
KA03,N15_M07_F10,1,1,1,1
KA03,N15_M07_F10,1,1,1,1
KA03,N15_M07_F10,1,1,1,1
KA03,N15_M07_F10,1,1,1,1
KA03,N15_M07_F10,1,1,1,1
KA04,N09_M07_F10,1,1,1,1
KA04,N09_M07_F10,1,1,1,1
KA04,N09_M07_F10,1,1,1,1
KA04,N09_M07_F10,1,1,1,1
KA04,N09_M07_F10,1,1,1,1
KA04,N09_M07_F10,1,1,1,1
KA04,N09_M07_F10,1,1,1,1
KA04,N09_M07_F10,1,1,1,1
KA04,N09_M07_F10,1,1,1,1
KA04,N09_M07_F10,1,1,1,1
KA04,N09_M07_F10,1,1,1,1
KA04,N09_M07_F10,1,1,1,1
KA04,N09_M07_F10,1,1,1,1
KA04,N09_M07_F10,1,1,1,1
KA04,N09_M07_F10,1,1,1,1
KA04,N09_M07_F10,1,1,1,1
KA04,N09_M07_F10,1,1,1,1
KA04,N09_M07_F10,1,1,1,1
KA04,N09_M07_F10,1,1,1,1
KA04,N09_M07_F10,1,1,1,1
KA04,N15_M01_F10,1,1,1,1
KA04,N15_M01_F10,1,1,1,1
KA04,N15_M01_F10,1,1,1,1
KA04,N15_M01_F10,1,1,1,1
KA04,N15_M01_F10,1,1,1,1
KA04,N15_M01_F10,1,1,1,1
KA04,N15_M01_F10,1,1,1,1
KA04,N15_M01_F10,1,1,1,1
KA04,N15_M01_F10,1,1,1,1
KA04,N15_M01_F10,1,1,1,1
KA04,N15_M01_F10,1,1,1,1
KA04,N15_M01_F10,1,1,1,1
KA04,N15_M01_F10,1,1,1,1
KA04,N15_M01_F10,1,1,1,1
KA04,N15_M01_F10,1,1,1,1
KA04,N15_M01_F10,1,1,1,1
KA04,N15_M01_F10,1,1,1,1
KA04,N15_M01_F10,1,1,1,1
KA04,N15_M01_F10,1,1,1,1
KA04,N15_M01_F10,1,1,1,1
KA04,N15_M07_F04,1,1,1,1
KA04,N15_M07_F04,1,1,1,1
KA04,N15_M07_F04,1,1,1,1
KA04,N15_M07_F04,1,1,1,1
KA04,N15_M07_F04,1,1,1,1
KA04,N15_M07_F04,1,1,1,1
KA04,N15_M07_F04,1,1,1,1
KA04,N15_M07_F04,1,1,1,1
KA04,N15_M07_F04,1,1,1,1
KA04,N15_M07_F04,1,1,1,1
KA04,N15_M07_F04,1,1,1,1
KA04,N15_M07_F04,1,1,1,1
KA04,N15_M07_F04,1,1,1,1
KA04,N15_M07_F04,1,1,1,1
KA04,N15_M07_F04,1,1,1,1
KA04,N15_M07_F04,1,1,1,1
KA04,N15_M07_F04,1,1,1,1
KA04,N15_M07_F04,1,1,1,1
KA04,N15_M07_F04,1,1,1,1
KA04,N15_M07_F04,1,1,1,1
KA04,N15_M07_F10,1,1,1,1
KA04,N15_M07_F10,1,1,1,1
KA04,N15_M07_F10,1,1,1,1
KA04,N15_M07_F10,1,1,1,1
KA04,N15_M07_F10,1,1,1,1
KA04,N15_M07_F10,1,1,1,1
KA04,N15_M07_F10,1,1,1,1
KA04,N15_M07_F10,1,1,1,1
KA04,N15_M07_F10,1,1,1,1
KA04,N15_M07_F10,1,1,1,1
KA04,N15_M07_F10,1,1,1,1
KA04,N15_M07_F10,1,1,1,1
KA04,N15_M07_F10,1,1,1,1
KA04,N15_M07_F10,1,1,1,1
KA04,N15_M07_F10,1,1,1,1
KA04,N15_M07_F10,1,1,1,1
KA04,N15_M07_F10,1,1,1,1
KA04,N15_M07_F10,1,1,1,1
KA04,N15_M07_F10,1,1,1,1
KA04,N15_M07_F10,1,1,1,1
KI05,N09_M07_F10,1,0,0,0
KI05,N09_M07_F10,1,0,0,0
KI05,N09_M07_F10,1,0,0,0
KI05,N09_M07_F10,1,0,0,0
KI05,N09_M07_F10,1,0,0,0
KI05,N09_M07_F10,1,0,0,0
KI05,N09_M07_F10,1,0,0,0
KI05,N09_M07_F10,1,0,0,0
KI05,N09_M07_F10,1,0,0,0
KI05,N09_M07_F10,1,0,0,0
KI05,N09_M07_F10,1,0,0,0
KI05,N09_M07_F10,1,0,0,0
KI05,N09_M07_F10,1,0,0,0
KI05,N09_M07_F10,1,0,0,0
KI05,N09_M07_F10,1,0,0,0
KI05,N09_M07_F10,1,0,0,0
KI05,N09_M07_F10,1,0,0,0
KI05,N09_M07_F10,1,0,0,0
KI05,N09_M07_F10,1,0,0,0
KI05,N09_M07_F10,1,0,0,0
KI05,N15_M01_F10,1,0,0,0
KI05,N15_M01_F10,1,0,0,0
KI05,N15_M01_F10,1,0,0,0
KI05,N15_M01_F10,1,0,0,0
KI05,N15_M01_F10,1,0,0,0
KI05,N15_M01_F10,1,0,0,0
KI05,N15_M01_F10,1,0,0,0
KI05,N15_M01_F10,1,0,0,0
KI05,N15_M01_F10,1,0,0,0
KI05,N15_M01_F10,1,0,0,0
KI05,N15_M01_F10,1,0,0,0
KI05,N15_M01_F10,1,0,0,0
KI05,N15_M01_F10,1,0,0,0
KI05,N15_M01_F10,1,0,0,0
KI05,N15_M01_F10,1,0,0,0
KI05,N15_M01_F10,1,0,0,0
KI05,N15_M01_F10,1,0,0,0
KI05,N15_M01_F10,1,0,0,0
KI05,N15_M01_F10,1,0,0,0
KI05,N15_M01_F10,1,0,0,0
KI05,N15_M07_F04,1,0,0,0
KI05,N15_M07_F04,1,0,0,0
KI05,N15_M07_F04,1,0,0,0
KI05,N15_M07_F04,1,0,0,0
KI05,N15_M07_F04,1,0,0,0
KI05,N15_M07_F04,1,0,0,0
KI05,N15_M07_F04,1,0,0,0
KI05,N15_M07_F04,1,0,0,0
KI05,N15_M07_F04,1,0,0,0
KI05,N15_M07_F04,1,0,0,0
KI05,N15_M07_F04,1,0,0,0
KI05,N15_M07_F04,1,0,0,0
KI05,N15_M07_F04,1,0,0,0
KI05,N15_M07_F04,1,0,0,0
KI05,N15_M07_F04,1,0,0,0
KI05,N15_M07_F04,1,0,0,0
KI05,N15_M07_F04,1,0,0,0
KI05,N15_M07_F04,1,0,0,0
KI05,N15_M07_F04,1,0,0,0
KI05,N15_M07_F04,1,0,0,0
KI05,N15_M07_F10,1,0,0,0
KI05,N15_M07_F10,1,0,0,0
KI05,N15_M07_F10,1,0,0,0
KI05,N15_M07_F10,1,0,0,0
KI05,N15_M07_F10,1,0,0,0
KI05,N15_M07_F10,1,0,0,0
KI05,N15_M07_F10,1,0,0,0
KI05,N15_M07_F10,1,0,0,0
KI05,N15_M07_F10,1,0,0,0
KI05,N15_M07_F10,1,0,0,0
KI05,N15_M07_F10,1,0,0,0
KI05,N15_M07_F10,1,0,0,0
KI05,N15_M07_F10,1,0,0,0
KI05,N15_M07_F10,1,0,0,0
KI05,N15_M07_F10,1,0,0,0
KI05,N15_M07_F10,1,0,0,0
KI05,N15_M07_F10,1,0,0,0
KI05,N15_M07_F10,1,0,0,0
KI05,N15_M07_F10,1,0,0,0
KI05,N15_M07_F10,1,0,0,0
