Bearing,Accuracy,Precision,Recall,F1,Healthy_FPR,Specificity,Failures,TN,FP,FN,TP
K001,0.2125,0.0,0.0,0.0,0.7875,0.21250000000000002,63,17,63,0,0
K002,0.1875,0.0,0.0,0.0,0.8125,0.1875,65,15,65,0,0
K003,0.8125,0.0,0.0,0.0,0.1875,0.8125,15,65,15,0,0
K004,0.25,0.0,0.0,0.0,0.75,0.25,60,20,60,0,0
K005,0.6875,0.0,0.0,0.0,0.3125,0.6875,25,55,25,0,0
K006,0.4,0.0,0.0,0.0,0.6,0.4,48,32,48,0,0
KA01,1.0,1.0,1.0,1.0,,,80,0,0,0,80
KA03,1.0,1.0,1.0,1.0,,,80,0,0,0,80
KA04,1.0,1.0,1.0,1.0,,,80,0,0,0,80
KI05,0.775,1.0,0.775,0.8732394366197183,,,62,0,0,18,62
